voter_id,voter_age,voter_gender,candidate_id
840-802-905,37,Female,213-846
993-435-686,39,Male,875-393
516-176-205,34,Female,875-393
694-560-521,44,Male,521-757
740-797-443,60,Female,213-846
742-630-924,80,Female,213-846
311-686-348,22,Male,213-846
185-294-359,54,Female,521-757
267-738-220,20,Female,855-525
979-961-324,48,Male,213-846
918-760-732,56,Female,855-525
811-762-443,75,Male,521-757
669-952-543,38,Male,875-393
823-983-223,34,Female,521-757
329-219-722,24,Male,875-393
276-276-959,28,Male,521-757
102-929-767,58,Female,875-393
643-874-881,24,Male,213-846
566-670-441,19,Male,151-426
865-211-195,60,Female,213-846
778-899-408,23,Male,855-525
324-625-618,19,Male,213-846
782-862-639,35,Female,855-525
529-381-211,67,Male,855-525
345-302-979,46,Male,521-757
228-668-499,35,Male,875-393
599-103-283,42,Female,875-393
967-197-948,55,Male,521-757
737-405-247,30,Male,521-757
163-999-496,65,Female,875-393
957-573-929,30,Male,151-426
580-316-110,85,Male,151-426
737-448-831,19,Male,521-757
401-723-966,30,Male,213-846
316-867-311,69,Male,151-426
967-468-908,54,Female,213-846
929-770-241,66,Female,875-393
360-103-919,76,Male,151-426
992-603-426,47,Male,521-757
561-444-489,44,Male,521-757
238-193-866,65,Male,213-846
588-345-654,36,Female,213-846
243-797-472,62,Male,213-846
335-543-639,75,Male,875-393
497-807-648,55,Female,151-426
882-889-185,81,Female,521-757
856-228-576,48,Female,855-525
462-973-435,89,Male,151-426
870-226-864,52,Male,151-426
294-479-500,45,Female,875-393
745-283-239,34,Female,213-846
680-784-178,39,Female,521-757
351-897-777,58,Male,855-525
370-365-198,34,Female,213-846
607-140-616,23,Female,875-393
500-829-991,83,Male,855-525
940-821-418,82,Female,855-525
566-553-801,84,Female,855-525
282-294-306,55,Male,855-525
556-510-579,26,Female,151-426
217-917-322,44,Female,855-525
618-395-546,78,Male,521-757
631-350-866,41,Female,521-757
254-111-443,66,Male,521-757
624-992-999,34,Male,855-525
709-942-616,84,Male,213-846
985-386-997,71,Male,151-426
296-717-957,74,Female,875-393
833-144-834,40,Male,213-846
608-821-712,90,Female,855-525
348-381-338,33,Male,151-426
808-648-706,75,Female,521-757
902-343-654,39,Male,875-393
190-619-125,54,Male,521-757
886-466-369,57,Female,213-846
792-986-472,19,Male,151-426
858-890-969,40,Male,855-525
754-173-851,74,Female,213-846
100-716-873,45,Female,151-426
674-923-573,29,Female,875-393
814-978-776,85,Female,521-757
207-556-293,37,Male,213-846
979-460-291,43,Male,855-525
399-100-227,24,Male,875-393
618-750-723,66,Female,151-426
449-759-899,87,Male,521-757
977-154-111,29,Female,855-525
946-251-315,88,Female,855-525
251-880-398,30,Male,151-426
411-934-577,44,Male,213-846
258-127-732,37,Female,521-757
473-866-956,20,Female,213-846
556-101-426,54,Female,875-393
901-418-152,21,Male,213-846
120-621-968,57,Female,521-757
570-739-387,28,Female,213-846
125-503-879,20,Female,213-846
896-799-638,26,Male,521-757
836-204-606,73,Male,521-757
628-126-850,19,Male,151-426
958-774-754,22,Male,875-393
355-456-480,89,Male,151-426
945-220-832,26,Male,521-757
692-560-958,77,Female,213-846
140-929-986,77,Male,855-525
261-694-634,45,Male,855-525
344-393-141,34,Female,151-426
951-859-843,76,Female,875-393
604-101-406,33,Female,855-525
974-390-887,36,Male,213-846
985-904-994,47,Female,855-525
631-134-894,82,Male,213-846
292-208-587,76,Female,855-525
160-545-355,54,Female,521-757
351-456-603,72,Male,855-525
308-322-839,81,Female,521-757
253-567-776,86,Female,213-846
125-873-247,78,Male,151-426
696-859-623,24,Female,521-757
102-211-624,77,Male,855-525
221-779-904,20,Male,213-846
329-497-636,21,Female,855-525
363-756-840,89,Female,521-757
322-823-333,71,Male,521-757
768-653-731,19,Male,875-393
447-531-435,65,Male,213-846
738-505-585,40,Female,855-525
176-804-255,23,Male,855-525
221-707-124,45,Male,521-757
345-145-599,47,Male,875-393
211-570-358,89,Male,213-846
426-503-172,72,Female,875-393
526-662-227,46,Male,521-757
197-652-970,20,Male,213-846
987-615-963,23,Female,855-525
988-904-945,71,Female,213-846
336-255-367,56,Female,151-426
902-391-204,59,Male,855-525
746-696-564,83,Male,521-757
114-785-771,45,Female,151-426
220-312-192,74,Female,875-393
940-737-614,71,Male,855-525
188-631-239,68,Female,151-426
953-628-623,86,Male,151-426
566-355-194,67,Female,213-846
185-727-903,65,Male,855-525
141-140-352,34,Male,213-846
802-230-364,78,Female,151-426
676-361-272,77,Male,855-525
145-297-214,84,Female,875-393
580-435-937,24,Female,521-757
948-874-492,31,Male,875-393
284-170-750,85,Female,151-426
229-301-424,73,Male,855-525
459-145-798,89,Male,521-757
831-457-965,51,Male,151-426
346-499-610,24,Male,213-846
776-937-827,79,Female,151-426
786-337-502,28,Female,521-757
683-310-789,82,Female,213-846
510-190-718,31,Male,875-393
505-248-853,56,Male,151-426
696-816-843,54,Female,521-757
688-756-280,73,Female,521-757
939-803-381,45,Male,521-757
219-104-976,54,Female,855-525
447-582-323,88,Female,151-426
405-325-684,60,Female,875-393
756-702-740,28,Male,521-757
994-202-395,44,Female,213-846
804-836-942,53,Female,855-525
488-186-144,22,Female,521-757
258-132-629,39,Female,213-846
746-950-356,21,Female,875-393
792-605-145,25,Male,213-846
664-243-836,39,Male,875-393
382-742-213,47,Male,855-525
158-203-384,54,Male,151-426
220-417-708,87,Female,213-846
328-204-166,38,Male,875-393
825-814-953,67,Male,213-846
505-461-508,40,Male,213-846
980-922-359,59,Male,521-757
597-795-558,50,Female,151-426
353-221-839,32,Male,521-757
194-339-383,76,Female,521-757
349-181-379,22,Female,213-846
410-676-261,77,Female,875-393
164-182-978,65,Female,855-525
176-235-588,54,Female,213-846
808-366-509,45,Female,875-393
827-864-873,58,Female,875-393
108-466-704,78,Male,521-757
615-125-564,74,Female,151-426
697-552-555,81,Female,521-757
867-919-412,25,Male,151-426
439-112-193,79,Female,855-525
657-552-283,36,Male,151-426
219-122-601,50,Female,521-757
740-402-257,35,Male,151-426
608-742-772,58,Male,151-426
185-963-604,72,Female,855-525
539-112-664,23,Female,875-393
685-843-802,89,Female,213-846
928-884-180,75,Male,213-846
555-358-413,59,Male,213-846
717-999-696,18,Male,521-757
194-140-601,60,Male,213-846
674-349-743,76,Female,875-393
131-185-407,76,Female,151-426
180-849-630,57,Male,521-757
339-900-976,76,Male,521-757
799-804-453,54,Female,521-757
527-644-566,87,Female,213-846
441-168-188,81,Female,151-426
709-424-283,83,Female,875-393
405-379-546,77,Female,151-426
300-991-157,22,Female,213-846
692-387-636,25,Male,213-846
627-955-336,36,Male,875-393
218-130-943,34,Female,151-426
261-688-315,24,Female,875-393
368-773-113,69,Male,875-393
627-235-542,65,Male,213-846
892-468-481,84,Female,521-757
576-684-396,80,Male,875-393
610-908-528,54,Male,213-846
124-272-644,28,Female,875-393
945-761-757,65,Male,213-846
314-744-900,69,Male,875-393
749-214-364,36,Female,521-757
218-798-346,56,Male,151-426
743-835-314,83,Female,875-393
814-731-626,79,Female,875-393
152-281-575,33,Male,855-525
340-309-811,68,Male,855-525
698-789-849,82,Male,855-525
508-964-919,28,Male,521-757
102-797-330,32,Female,875-393
253-447-853,41,Female,855-525
142-705-859,21,Female,151-426
743-601-470,40,Female,213-846
535-824-777,65,Male,213-846
892-940-779,26,Female,151-426
733-670-210,54,Male,855-525
397-153-128,46,Male,855-525
836-665-393,70,Male,151-426
536-436-517,35,Male,521-757
213-788-929,28,Female,213-846
194-981-807,32,Female,875-393
419-177-127,85,Female,151-426
359-485-635,37,Male,855-525
250-916-804,46,Female,875-393
788-758-393,67,Female,213-846
581-200-765,68,Male,213-846
665-637-824,23,Male,855-525
337-498-432,24,Female,213-846
339-719-586,60,Male,521-757
828-109-454,49,Male,521-757
334-772-146,74,Female,875-393
953-547-631,63,Male,151-426
500-379-750,67,Female,213-846
911-389-939,82,Male,521-757
289-534-249,26,Male,855-525
674-376-454,64,Female,213-846
719-678-816,39,Female,875-393
864-238-181,90,Male,521-757
540-875-848,88,Female,521-757
690-632-429,31,Male,855-525
463-472-728,58,Male,855-525
968-745-530,42,Male,521-757
127-624-348,67,Male,213-846
144-507-489,51,Male,521-757
538-939-216,75,Male,875-393
600-874-568,47,Female,213-846
366-878-899,40,Female,875-393
100-981-660,86,Male,521-757
879-251-208,22,Male,213-846
474-400-129,78,Male,521-757
784-271-799,79,Female,855-525
468-128-331,21,Male,521-757
158-340-126,53,Male,521-757
213-229-185,37,Female,151-426
327-653-537,79,Male,875-393
646-747-172,90,Male,855-525
316-322-991,44,Male,151-426
662-487-206,80,Female,151-426
295-488-590,73,Male,521-757
499-291-753,18,Female,521-757
457-778-952,53,Male,875-393
900-435-529,47,Male,151-426
675-458-274,25,Female,213-846
617-839-926,20,Female,151-426
956-226-720,76,Male,521-757
608-987-373,76,Female,151-426
937-665-834,58,Female,521-757
617-374-937,76,Male,151-426
839-391-222,32,Male,875-393
549-617-578,50,Male,151-426
123-636-426,18,Male,213-846
737-404-483,71,Female,521-757
901-305-213,80,Male,855-525
759-285-900,71,Female,875-393
402-179-405,42,Male,855-525
910-267-883,39,Female,213-846
637-404-608,28,Male,521-757
922-100-919,29,Male,855-525
709-318-687,74,Female,875-393
347-611-601,75,Male,213-846
787-959-855,18,Female,875-393
636-791-352,77,Female,875-393
218-740-966,89,Male,855-525
247-602-315,74,Male,521-757
604-332-332,31,Female,213-846
950-686-699,80,Female,213-846
126-761-264,34,Male,875-393
816-246-945,89,Male,151-426
419-127-117,41,Male,521-757
255-384-117,31,Male,521-757
893-344-269,73,Male,875-393
553-335-250,27,Male,151-426
284-862-980,88,Female,855-525
317-877-650,53,Female,151-426
636-216-152,28,Female,151-426
243-467-695,56,Female,855-525
368-756-333,44,Male,151-426
597-955-254,72,Female,213-846
833-175-657,68,Female,521-757
747-992-910,60,Male,855-525
243-615-157,35,Female,521-757
996-897-351,41,Female,151-426
393-402-518,42,Male,521-757
505-101-807,24,Male,855-525
389-939-907,40,Female,855-525
434-207-845,31,Female,213-846
485-552-571,27,Female,855-525
575-710-435,33,Female,213-846
302-845-546,34,Female,151-426
723-381-629,68,Male,521-757
370-784-175,63,Female,521-757
223-937-901,87,Female,521-757
269-970-956,71,Female,213-846
276-816-804,67,Female,213-846
635-175-116,20,Female,213-846
931-421-879,36,Male,875-393
110-977-479,31,Female,875-393
539-602-374,47,Female,875-393
352-379-109,85,Female,521-757
537-753-807,40,Female,213-846
846-976-907,80,Male,855-525
218-438-102,90,Female,151-426
650-104-817,28,Male,521-757
983-273-922,66,Male,855-525
289-197-813,85,Male,855-525
103-549-845,36,Female,855-525
793-430-878,22,Female,213-846
519-344-453,50,Male,855-525
451-578-616,27,Male,213-846
107-951-239,59,Female,875-393
993-439-211,77,Female,521-757
783-636-779,58,Female,213-846
324-387-837,21,Female,855-525
576-930-104,53,Male,521-757
357-825-622,55,Male,875-393
296-265-416,32,Female,151-426
988-157-455,38,Male,521-757
324-789-799,42,Male,521-757
147-569-159,24,Female,521-757
551-934-247,21,Male,151-426
722-426-225,73,Male,875-393
376-316-740,36,Male,151-426
779-558-964,25,Female,151-426
393-855-140,58,Male,521-757
241-210-322,21,Female,213-846
849-224-216,70,Female,151-426
581-579-990,81,Male,151-426
150-944-774,47,Female,213-846
119-377-907,40,Female,213-846
767-375-292,42,Female,213-846
700-593-276,47,Female,521-757
430-329-684,50,Female,521-757
410-615-831,18,Male,151-426
139-415-416,47,Male,855-525
297-213-534,48,Male,875-393
962-793-962,33,Male,855-525
977-498-264,27,Female,521-757
497-301-391,64,Male,875-393
573-356-381,80,Male,875-393
319-489-259,49,Male,213-846
911-222-325,30,Female,213-846
722-789-766,52,Male,213-846
388-109-892,47,Male,213-846
610-914-757,62,Male,213-846
128-745-554,86,Female,855-525
202-821-294,87,Female,875-393
712-314-739,88,Female,151-426
500-257-940,54,Male,875-393
820-675-511,64,Female,875-393
391-588-583,60,Male,151-426
772-123-775,50,Male,521-757
789-114-167,23,Male,875-393
883-721-578,58,Female,855-525
449-972-708,71,Female,521-757
617-365-528,87,Female,521-757
254-250-555,19,Male,521-757
227-485-251,25,Female,151-426
708-217-617,63,Male,213-846
755-811-125,21,Female,855-525
940-837-639,39,Female,875-393
442-881-880,59,Male,213-846
752-946-379,60,Female,875-393
682-417-104,39,Male,521-757
191-568-953,20,Male,855-525
151-762-129,51,Female,855-525
167-597-771,30,Female,213-846
641-901-153,65,Female,213-846
627-585-304,89,Male,151-426
324-992-550,77,Male,151-426
831-192-269,84,Female,855-525
269-889-122,19,Female,151-426
450-494-841,24,Male,213-846
123-810-716,58,Female,151-426
281-919-820,78,Female,855-525
775-175-518,55,Female,521-757
175-372-456,60,Male,855-525
106-793-247,18,Female,855-525
857-757-356,74,Female,213-846
582-956-344,89,Male,151-426
173-583-139,33,Female,213-846
933-325-321,79,Female,875-393
229-510-989,75,Male,521-757
554-476-193,24,Male,875-393
642-803-705,77,Female,151-426
164-904-272,42,Male,213-846
675-575-970,47,Female,213-846
221-632-935,20,Female,521-757
414-558-690,71,Female,521-757
649-712-793,39,Male,151-426
120-692-278,67,Female,213-846
249-234-545,45,Male,213-846
768-468-271,87,Female,855-525
984-357-853,25,Male,521-757
915-111-213,77,Male,855-525
796-259-103,66,Male,875-393
566-427-337,74,Female,213-846
373-922-879,59,Male,213-846
913-875-758,51,Male,151-426
851-803-132,79,Male,521-757
163-376-145,25,Male,875-393
485-743-816,57,Male,213-846
441-302-640,54,Female,855-525
584-441-838,72,Male,151-426
417-631-501,51,Male,855-525
892-609-515,73,Female,521-757
911-915-610,26,Female,875-393
609-730-484,48,Female,521-757
707-616-394,33,Male,875-393
641-798-832,70,Male,521-757
547-933-994,48,Female,855-525
408-850-455,41,Female,213-846
713-934-362,25,Female,213-846
179-735-597,22,Female,875-393
221-298-514,22,Male,151-426
486-111-442,22,Female,855-525
336-255-330,34,Female,151-426
737-883-957,85,Male,875-393
114-587-160,83,Male,151-426
705-708-630,49,Female,855-525
622-841-692,67,Female,151-426
340-507-975,31,Female,213-846
425-392-670,83,Female,151-426
195-780-249,36,Male,521-757
327-488-401,59,Male,213-846
576-562-546,59,Male,855-525
448-790-153,63,Female,521-757
626-634-663,49,Male,213-846
678-558-921,58,Female,213-846
306-722-806,30,Male,213-846
460-157-449,37,Male,875-393
883-114-908,68,Female,151-426
156-139-561,66,Female,521-757
163-668-336,52,Female,875-393
450-125-119,29,Male,521-757
546-191-514,90,Female,875-393
912-500-491,55,Female,875-393
750-863-753,76,Male,213-846
146-166-729,89,Female,855-525
274-401-298,85,Female,855-525
619-479-304,31,Male,151-426
506-744-997,65,Female,213-846
629-168-698,31,Male,875-393
872-520-914,30,Male,855-525
558-540-114,42,Male,213-846
565-943-279,55,Male,875-393
276-949-783,87,Male,875-393
837-339-723,58,Female,855-525
555-665-990,72,Female,213-846
355-592-597,87,Male,875-393
676-831-275,24,Male,213-846
161-111-498,33,Male,521-757
728-540-167,90,Female,855-525
302-833-339,51,Male,213-846
304-152-122,28,Male,521-757
236-172-963,37,Female,213-846
298-892-402,90,Male,521-757
996-725-622,41,Male,213-846
420-879-212,50,Female,151-426
318-423-812,87,Male,213-846
733-213-327,50,Female,855-525
112-488-172,80,Female,875-393
351-574-992,54,Male,213-846
991-494-518,41,Female,875-393
562-240-716,31,Female,151-426
468-371-227,85,Female,213-846
732-513-412,35,Male,855-525
953-307-947,50,Female,521-757
299-482-311,36,Male,151-426
807-125-897,70,Female,521-757
757-119-902,58,Male,875-393
514-350-764,22,Male,213-846
142-766-449,28,Female,521-757
788-572-226,59,Female,875-393
211-703-466,37,Female,213-846
161-515-939,66,Female,213-846
559-611-174,39,Male,875-393
990-874-660,54,Female,855-525
978-466-628,70,Female,875-393
840-821-347,37,Male,521-757
648-609-544,43,Female,521-757
235-430-197,79,Female,521-757
899-946-456,53,Female,875-393
614-150-384,51,Female,855-525
283-580-195,25,Male,213-846
637-127-424,78,Male,855-525
280-589-907,66,Male,521-757
681-480-428,69,Female,151-426
837-684-968,73,Male,875-393
608-682-486,35,Male,521-757
587-848-665,24,Female,875-393
514-408-186,57,Female,875-393
456-388-650,18,Male,213-846
363-771-582,82,Female,521-757
734-922-479,49,Female,855-525
457-187-505,90,Female,855-525
277-840-357,39,Male,521-757
902-212-173,26,Female,213-846
644-953-968,68,Female,875-393
293-706-518,65,Male,521-757
686-777-803,60,Female,521-757
568-445-537,42,Male,151-426
181-255-822,73,Female,875-393
209-745-929,29,Male,875-393
842-596-100,72,Female,151-426
455-175-296,74,Female,151-426
974-445-923,44,Male,875-393
319-565-874,20,Male,151-426
448-423-904,86,Male,151-426
316-227-177,72,Female,151-426
155-697-918,90,Female,855-525
663-208-741,76,Female,213-846
426-933-565,28,Female,213-846
993-568-930,33,Male,855-525
794-789-335,53,Male,213-846
978-620-703,46,Male,875-393
418-118-847,26,Female,151-426
486-773-880,90,Female,875-393
208-287-114,22,Female,213-846
553-748-517,63,Male,213-846
322-925-465,19,Female,855-525
820-853-766,67,Male,151-426
710-681-396,63,Female,213-846
169-729-391,45,Male,875-393
994-401-511,67,Male,855-525
704-655-271,34,Male,521-757
681-172-724,25,Male,213-846
531-475-840,44,Male,875-393
319-439-177,60,Female,855-525
591-560-709,68,Male,213-846
319-345-972,62,Male,521-757
114-455-503,26,Female,875-393
700-946-622,66,Male,151-426
284-878-880,80,Male,855-525
341-579-675,79,Male,213-846
766-442-196,67,Male,213-846
565-408-125,28,Male,151-426
321-707-781,49,Female,151-426
453-962-442,31,Female,521-757
346-379-606,18,Male,875-393
574-662-404,80,Male,521-757
577-757-847,74,Male,213-846
556-517-666,21,Male,151-426
806-752-295,19,Female,875-393
715-675-977,39,Female,521-757
165-512-789,87,Male,213-846
221-794-828,80,Female,521-757
501-472-183,52,Male,855-525
231-494-714,29,Male,855-525
577-436-570,88,Female,213-846
605-383-507,19,Female,521-757
867-423-385,39,Female,875-393
869-369-771,38,Male,875-393
358-713-261,40,Male,213-846
388-137-279,80,Male,875-393
171-176-729,66,Male,151-426
188-372-676,79,Female,521-757
679-127-763,25,Male,855-525
649-105-128,40,Female,151-426
275-548-600,73,Male,875-393
951-491-668,32,Female,213-846
870-433-375,36,Female,521-757
345-758-555,20,Male,521-757
620-822-648,26,Male,213-846
853-208-851,85,Female,855-525
216-524-150,77,Female,855-525
355-809-473,24,Male,875-393
917-111-714,26,Male,151-426
204-618-151,57,Female,855-525
623-581-748,40,Female,875-393
359-687-543,82,Female,151-426
316-706-969,29,Female,213-846
263-319-404,40,Male,151-426
471-763-664,82,Male,213-846
182-153-813,35,Male,875-393
213-813-828,88,Male,875-393
470-440-647,63,Male,521-757
799-833-836,44,Male,213-846
859-748-129,49,Female,521-757
223-222-418,19,Male,855-525
713-172-591,80,Male,213-846
235-434-814,85,Male,151-426
766-983-655,79,Female,875-393
477-543-113,70,Male,855-525
393-406-547,68,Female,855-525
452-509-655,69,Female,213-846
443-568-124,49,Male,875-393
263-624-452,43,Female,213-846
237-557-628,48,Male,521-757
478-854-190,57,Female,855-525
641-174-400,65,Male,875-393
454-314-453,42,Male,855-525
870-357-662,36,Male,875-393
735-409-241,63,Female,213-846
603-702-578,70,Female,151-426
141-657-518,38,Male,521-757
409-815-899,69,Female,875-393
235-366-296,87,Male,875-393
832-497-121,73,Female,855-525
492-369-859,28,Female,521-757
417-363-153,71,Female,151-426
303-220-332,76,Female,875-393
364-303-849,57,Male,213-846
382-609-318,27,Male,151-426
976-948-441,63,Male,855-525
590-313-288,41,Female,875-393
350-927-437,44,Male,151-426
845-284-951,38,Female,151-426
701-584-632,72,Female,855-525
598-500-447,19,Male,213-846
681-910-129,70,Male,521-757
614-956-426,79,Female,213-846
454-364-701,33,Female,875-393
717-727-353,77,Female,875-393
361-399-804,60,Male,151-426
227-527-954,26,Male,521-757
562-228-488,89,Male,151-426
827-439-966,44,Male,151-426
696-459-720,26,Male,521-757
857-739-688,38,Female,213-846
350-753-864,22,Male,521-757
895-307-671,18,Male,855-525
467-339-382,62,Female,151-426
810-632-968,21,Male,855-525
109-665-851,78,Female,213-846
743-153-707,86,Female,151-426
911-330-439,28,Female,213-846
374-268-741,58,Female,521-757
717-324-782,37,Male,521-757
325-761-972,30,Female,213-846
990-550-395,52,Male,855-525
627-691-124,28,Male,855-525
676-981-660,30,Male,521-757
558-810-902,42,Male,213-846
752-304-471,59,Male,875-393
437-393-699,90,Female,855-525
354-994-189,90,Male,213-846
222-918-461,89,Female,875-393
965-521-873,34,Female,213-846
818-227-487,69,Female,213-846
667-100-443,33,Female,151-426
155-808-751,25,Female,521-757
437-957-892,41,Female,151-426
389-723-963,53,Female,151-426
917-798-650,65,Female,855-525
921-640-410,27,Female,875-393
997-313-977,55,Male,213-846
760-186-399,37,Male,855-525
306-826-321,47,Female,151-426
877-693-532,85,Male,875-393
864-837-422,41,Male,213-846
271-924-798,49,Female,213-846
181-153-484,60,Female,521-757
210-745-687,41,Male,875-393
382-311-523,24,Male,875-393
819-886-389,55,Male,151-426
404-447-581,51,Female,151-426
951-443-344,63,Male,875-393
658-940-710,77,Male,151-426
218-922-232,80,Male,875-393
645-523-963,80,Male,151-426
998-208-743,52,Female,151-426
262-212-500,71,Male,875-393
866-748-919,21,Male,875-393
559-881-971,33,Female,213-846
463-857-643,37,Male,855-525
434-905-166,56,Male,855-525
944-255-110,29,Female,213-846
796-111-745,66,Female,213-846
617-373-728,62,Female,151-426
919-753-949,57,Female,213-846
438-994-787,22,Male,521-757
910-339-850,26,Male,521-757
834-680-470,18,Male,213-846
382-400-551,87,Male,875-393
306-163-639,54,Female,521-757
240-431-595,73,Male,875-393
658-573-271,21,Female,213-846
829-647-656,49,Female,213-846
475-671-291,67,Female,855-525
781-861-996,18,Male,213-846
701-926-204,71,Female,213-846
639-169-880,33,Male,875-393
307-784-365,62,Male,521-757
564-193-511,41,Male,151-426
640-978-456,29,Female,521-757
679-306-420,41,Male,521-757
836-397-371,31,Female,213-846
161-526-454,29,Female,213-846
130-731-360,55,Male,855-525
748-357-560,71,Male,875-393
782-489-145,62,Female,213-846
415-232-653,67,Female,213-846
997-292-184,66,Female,213-846
267-755-221,20,Male,855-525
599-790-370,75,Female,213-846
825-321-336,27,Female,875-393
600-339-265,82,Female,521-757
962-398-459,73,Male,151-426
237-795-239,67,Male,855-525
991-622-740,82,Female,855-525
359-361-605,78,Male,151-426
809-128-480,68,Male,213-846
198-497-798,86,Female,855-525
630-190-328,19,Female,521-757
493-415-229,28,Male,855-525
940-946-500,80,Male,521-757
434-593-193,78,Female,875-393
743-935-496,29,Male,875-393
915-526-895,57,Female,213-846
267-602-939,27,Female,213-846
779-925-924,52,Female,875-393
455-896-246,29,Female,875-393
727-718-702,59,Male,855-525
715-823-441,52,Female,521-757
455-689-299,44,Female,855-525
935-764-811,54,Male,855-525
131-114-788,88,Male,521-757
511-362-473,82,Male,521-757
682-551-973,67,Male,855-525
439-462-338,41,Female,213-846
614-786-709,77,Male,875-393
741-529-333,38,Male,213-846
641-938-366,89,Male,151-426
449-238-959,49,Male,521-757
776-318-554,82,Female,855-525
672-714-448,86,Female,855-525
278-143-471,85,Female,875-393
221-597-883,47,Female,521-757
317-582-547,87,Male,151-426
951-881-217,70,Female,521-757
402-878-557,60,Female,521-757
406-952-729,89,Male,213-846
165-597-917,23,Male,521-757
724-418-713,61,Female,521-757
759-113-532,71,Female,151-426
963-828-327,56,Female,855-525
923-499-535,70,Male,151-426
879-154-532,61,Female,855-525
622-766-726,53,Male,213-846
594-442-643,61,Female,213-846
897-980-803,20,Male,151-426
501-239-818,66,Female,213-846
152-414-723,90,Female,875-393
946-315-547,55,Female,875-393
955-392-542,38,Male,875-393
487-179-546,40,Female,213-846
179-726-854,38,Male,855-525
204-962-403,44,Male,151-426
634-500-878,77,Female,151-426
507-152-270,57,Male,875-393
511-955-602,36,Female,151-426
219-726-836,51,Male,521-757
219-122-340,24,Male,213-846
737-255-566,71,Male,855-525
977-855-244,26,Male,855-525
603-832-807,29,Male,875-393
513-566-142,30,Male,855-525
818-284-541,24,Female,521-757
286-444-336,24,Female,213-846
513-924-793,20,Female,521-757
548-448-676,47,Male,875-393
813-371-672,63,Female,521-757
574-117-417,58,Female,521-757
241-838-140,30,Female,151-426
153-927-108,62,Male,151-426
103-131-898,43,Female,521-757
850-722-527,29,Male,855-525
900-347-330,70,Female,213-846
252-406-931,26,Male,521-757
181-915-724,48,Female,151-426
676-474-926,77,Male,521-757
308-665-446,37,Female,151-426
897-700-634,20,Male,855-525
896-720-612,76,Female,521-757
435-989-934,27,Female,521-757
927-958-950,49,Male,151-426
217-291-940,33,Female,151-426
305-647-833,34,Male,151-426
491-167-661,43,Male,151-426
650-497-939,67,Female,521-757
517-654-259,90,Male,855-525
390-317-419,73,Female,151-426
145-180-536,70,Female,875-393
835-284-129,32,Male,875-393
376-494-538,25,Female,855-525
631-191-932,28,Male,151-426
258-302-344,33,Female,151-426
254-432-866,32,Male,213-846
783-629-299,68,Male,521-757
376-604-944,47,Male,521-757
644-826-821,37,Female,855-525
417-729-755,72,Male,521-757
560-853-840,29,Female,521-757
629-979-134,83,Female,875-393
484-574-168,80,Male,855-525
202-242-543,28,Female,855-525
709-689-274,69,Male,213-846
388-403-622,66,Male,855-525
103-239-182,37,Female,875-393
742-374-883,26,Male,875-393
441-671-352,59,Female,151-426
423-807-329,85,Male,151-426
137-591-295,83,Female,855-525
490-808-501,66,Female,855-525
326-565-268,57,Male,521-757
679-189-726,49,Female,151-426
745-264-171,85,Female,151-426
999-509-648,59,Male,521-757
259-517-503,49,Male,875-393
163-131-648,60,Female,151-426
510-772-323,85,Male,875-393
834-333-126,54,Female,855-525
442-501-982,83,Female,521-757
157-514-828,41,Female,521-757
233-747-309,26,Male,151-426
700-457-244,46,Female,521-757
946-273-590,84,Male,521-757
698-401-284,89,Male,521-757
260-586-527,36,Female,521-757
786-660-651,69,Female,213-846
251-270-580,18,Female,213-846
816-151-443,42,Male,855-525
396-978-959,83,Female,855-525
114-811-220,81,Female,151-426
831-584-200,77,Male,855-525
544-483-685,77,Female,213-846
230-310-988,90,Female,855-525
462-363-687,59,Male,521-757
627-520-240,27,Female,855-525
556-471-975,39,Female,521-757
803-776-524,47,Male,521-757
790-741-395,59,Male,855-525
465-353-962,64,Male,151-426
709-411-654,76,Female,875-393
532-751-921,35,Male,151-426
397-431-686,71,Male,151-426
127-749-809,26,Female,521-757
555-866-515,28,Female,875-393
655-981-358,26,Female,213-846
529-875-892,59,Female,855-525
429-996-740,36,Female,855-525
353-685-166,42,Female,213-846
649-244-837,77,Male,521-757
149-262-630,48,Male,855-525
245-897-922,50,Female,213-846
793-143-215,68,Male,151-426
578-961-333,25,Male,213-846
590-218-922,22,Female,875-393
470-441-199,87,Female,521-757
659-510-585,28,Male,521-757
453-886-656,35,Male,855-525
531-324-218,62,Male,521-757
941-508-664,47,Male,213-846
929-257-368,32,Male,875-393
302-755-928,34,Female,855-525
773-559-748,27,Male,521-757
408-469-239,31,Male,521-757
641-184-220,52,Female,855-525
564-843-936,37,Male,875-393
838-699-218,85,Male,875-393
768-721-413,44,Female,151-426
469-913-102,86,Male,855-525
813-593-847,34,Male,521-757
247-374-308,29,Female,855-525
759-640-998,75,Male,855-525
304-706-845,19,Female,213-846
114-977-363,64,Male,151-426
899-528-161,53,Female,521-757
747-184-790,23,Male,521-757
225-336-780,37,Female,875-393
352-245-571,74,Male,855-525
629-113-739,64,Female,213-846
972-445-990,47,Male,855-525
392-951-787,23,Female,875-393
940-254-516,58,Female,151-426
779-238-549,78,Male,521-757
809-280-633,45,Male,151-426
850-556-429,69,Male,213-846
984-849-728,58,Female,875-393
745-235-743,23,Male,213-846
205-413-748,18,Male,875-393
800-217-815,40,Male,521-757
112-546-698,46,Male,875-393
405-631-100,55,Female,213-846
870-557-734,21,Male,521-757
139-152-306,90,Male,521-757
405-298-480,47,Male,855-525
504-321-240,20,Female,875-393
128-583-802,56,Male,151-426
956-938-522,29,Female,855-525
656-148-815,23,Female,151-426
969-777-932,50,Male,875-393
635-541-910,74,Male,151-426
677-967-224,18,Female,151-426
416-203-635,63,Male,855-525
845-848-322,36,Female,855-525
401-337-916,25,Female,875-393
125-430-943,60,Female,875-393
716-675-499,86,Female,213-846
209-486-665,36,Male,151-426
857-129-939,71,Male,855-525
685-194-144,68,Male,875-393
341-753-479,90,Male,213-846
734-431-172,51,Male,875-393
227-853-730,31,Female,855-525
554-789-213,69,Female,151-426
916-750-622,49,Male,875-393
283-376-629,45,Male,875-393
311-718-967,82,Female,213-846
483-282-428,45,Male,521-757
912-355-926,24,Female,855-525
408-930-946,31,Male,151-426
306-918-734,72,Female,213-846
284-717-351,82,Female,151-426
938-792-398,43,Male,521-757
946-161-476,45,Male,521-757
838-503-675,53,Female,213-846
834-273-888,62,Male,521-757
324-293-468,82,Female,521-757
302-777-812,36,Male,521-757
185-840-148,24,Female,855-525
906-348-238,25,Male,521-757
518-532-618,23,Male,213-846
837-846-657,30,Male,151-426
827-763-639,89,Male,875-393
695-298-133,64,Male,213-846
404-858-994,33,Male,855-525
931-374-941,78,Male,213-846
136-340-290,75,Male,151-426
261-867-765,87,Female,213-846
224-640-237,81,Male,213-846
385-735-270,25,Male,875-393
842-442-765,68,Female,875-393
114-274-323,46,Male,521-757
279-355-564,34,Male,151-426
411-780-673,28,Female,875-393
829-876-851,33,Female,521-757
465-819-651,80,Female,875-393
965-188-570,28,Female,875-393
890-940-518,41,Female,521-757
860-625-643,25,Male,855-525
454-398-368,36,Male,521-757
714-857-353,53,Female,521-757
572-142-796,72,Male,151-426
308-488-223,61,Male,213-846
901-526-653,37,Male,151-426
351-994-705,18,Female,213-846
914-320-257,38,Female,521-757
771-415-285,58,Male,855-525
789-456-333,54,Female,875-393
789-456-444,22,Female,875-393
